personneTest.ID;personneTest.NOM;personneTest.PRENOM;personneTest.AGE;personneTest.ID;personneTest.NOM;personneTest.PRENOM;personneTest.AGE
0;Zasanten;Ansremarsan;85;0;Zasanten;Ansremarsan;85
0;Zasanten;Ansremarsan;85;1;Nynes;Selrailnin;19
0;Zasanten;Ansremarsan;85;2;Larailemar;Ahemarhal;51
0;Zasanten;Ansremarsan;85;3;Zaevar;Afthusmahael;36
0;Zasanten;Ansremarsan;85;4;Evriariaevar;Daequeran;82
0;Zasanten;Ansremarsan;85;5;Mararaillian;Zaten;1
0;Zasanten;Ansremarsan;85;6;Yamah;Anhaldre;5
0;Zasanten;Ansremarsan;85;7;Daedre;Angean;19
0;Zasanten;Ansremarsan;85;8;Gilriadrimsan;Firdar;76
0;Zasanten;Ansremarsan;85;9;Yariadethemar;Fisan;26
1;Nynes;Selrailnin;19;0;Zasanten;Ansremarsan;85
1;Nynes;Selrailnin;19;1;Nynes;Selrailnin;19
1;Nynes;Selrailnin;19;2;Larailemar;Ahemarhal;51
1;Nynes;Selrailnin;19;3;Zaevar;Afthusmahael;36
1;Nynes;Selrailnin;19;4;Evriariaevar;Daequeran;82
1;Nynes;Selrailnin;19;5;Mararaillian;Zaten;1
1;Nynes;Selrailnin;19;6;Yamah;Anhaldre;5
1;Nynes;Selrailnin;19;7;Daedre;Angean;19
1;Nynes;Selrailnin;19;8;Gilriadrimsan;Firdar;76
1;Nynes;Selrailnin;19;9;Yariadethemar;Fisan;26
2;Larailemar;Ahemarhal;51;0;Zasanten;Ansremarsan;85
2;Larailemar;Ahemarhal;51;1;Nynes;Selrailnin;19
2;Larailemar;Ahemarhal;51;2;Larailemar;Ahemarhal;51
2;Larailemar;Ahemarhal;51;3;Zaevar;Afthusmahael;36
2;Larailemar;Ahemarhal;51;4;Evriariaevar;Daequeran;82
2;Larailemar;Ahemarhal;51;5;Mararaillian;Zaten;1
2;Larailemar;Ahemarhal;51;6;Yamah;Anhaldre;5
2;Larailemar;Ahemarhal;51;7;Daedre;Angean;19
2;Larailemar;Ahemarhal;51;8;Gilriadrimsan;Firdar;76
2;Larailemar;Ahemarhal;51;9;Yariadethemar;Fisan;26
3;Zaevar;Afthusmahael;36;0;Zasanten;Ansremarsan;85
3;Zaevar;Afthusmahael;36;1;Nynes;Selrailnin;19
3;Zaevar;Afthusmahael;36;2;Larailemar;Ahemarhal;51
3;Zaevar;Afthusmahael;36;3;Zaevar;Afthusmahael;36
3;Zaevar;Afthusmahael;36;4;Evriariaevar;Daequeran;82
3;Zaevar;Afthusmahael;36;5;Mararaillian;Zaten;1
3;Zaevar;Afthusmahael;36;6;Yamah;Anhaldre;5
3;Zaevar;Afthusmahael;36;7;Daedre;Angean;19
3;Zaevar;Afthusmahael;36;8;Gilriadrimsan;Firdar;76
3;Zaevar;Afthusmahael;36;9;Yariadethemar;Fisan;26
4;Evriariaevar;Daequeran;82;0;Zasanten;Ansremarsan;85
4;Evriariaevar;Daequeran;82;1;Nynes;Selrailnin;19
4;Evriariaevar;Daequeran;82;2;Larailemar;Ahemarhal;51
4;Evriariaevar;Daequeran;82;3;Zaevar;Afthusmahael;36
4;Evriariaevar;Daequeran;82;4;Evriariaevar;Daequeran;82
4;Evriariaevar;Daequeran;82;5;Mararaillian;Zaten;1
4;Evriariaevar;Daequeran;82;6;Yamah;Anhaldre;5
4;Evriariaevar;Daequeran;82;7;Daedre;Angean;19
4;Evriariaevar;Daequeran;82;8;Gilriadrimsan;Firdar;76
4;Evriariaevar;Daequeran;82;9;Yariadethemar;Fisan;26
5;Mararaillian;Zaten;1;0;Zasanten;Ansremarsan;85
5;Mararaillian;Zaten;1;1;Nynes;Selrailnin;19
5;Mararaillian;Zaten;1;2;Larailemar;Ahemarhal;51
5;Mararaillian;Zaten;1;3;Zaevar;Afthusmahael;36
5;Mararaillian;Zaten;1;4;Evriariaevar;Daequeran;82
5;Mararaillian;Zaten;1;5;Mararaillian;Zaten;1
5;Mararaillian;Zaten;1;6;Yamah;Anhaldre;5
5;Mararaillian;Zaten;1;7;Daedre;Angean;19
5;Mararaillian;Zaten;1;8;Gilriadrimsan;Firdar;76
5;Mararaillian;Zaten;1;9;Yariadethemar;Fisan;26
6;Yamah;Anhaldre;5;0;Zasanten;Ansremarsan;85
6;Yamah;Anhaldre;5;1;Nynes;Selrailnin;19
6;Yamah;Anhaldre;5;2;Larailemar;Ahemarhal;51
6;Yamah;Anhaldre;5;3;Zaevar;Afthusmahael;36
6;Yamah;Anhaldre;5;4;Evriariaevar;Daequeran;82
6;Yamah;Anhaldre;5;5;Mararaillian;Zaten;1
6;Yamah;Anhaldre;5;6;Yamah;Anhaldre;5
6;Yamah;Anhaldre;5;7;Daedre;Angean;19
6;Yamah;Anhaldre;5;8;Gilriadrimsan;Firdar;76
6;Yamah;Anhaldre;5;9;Yariadethemar;Fisan;26
7;Daedre;Angean;19;0;Zasanten;Ansremarsan;85
7;Daedre;Angean;19;1;Nynes;Selrailnin;19
7;Daedre;Angean;19;2;Larailemar;Ahemarhal;51
7;Daedre;Angean;19;3;Zaevar;Afthusmahael;36
7;Daedre;Angean;19;4;Evriariaevar;Daequeran;82
7;Daedre;Angean;19;5;Mararaillian;Zaten;1
7;Daedre;Angean;19;6;Yamah;Anhaldre;5
7;Daedre;Angean;19;7;Daedre;Angean;19
7;Daedre;Angean;19;8;Gilriadrimsan;Firdar;76
7;Daedre;Angean;19;9;Yariadethemar;Fisan;26
8;Gilriadrimsan;Firdar;76;0;Zasanten;Ansremarsan;85
8;Gilriadrimsan;Firdar;76;1;Nynes;Selrailnin;19
8;Gilriadrimsan;Firdar;76;2;Larailemar;Ahemarhal;51
8;Gilriadrimsan;Firdar;76;3;Zaevar;Afthusmahael;36
8;Gilriadrimsan;Firdar;76;4;Evriariaevar;Daequeran;82
8;Gilriadrimsan;Firdar;76;5;Mararaillian;Zaten;1
8;Gilriadrimsan;Firdar;76;6;Yamah;Anhaldre;5
8;Gilriadrimsan;Firdar;76;7;Daedre;Angean;19
8;Gilriadrimsan;Firdar;76;8;Gilriadrimsan;Firdar;76
8;Gilriadrimsan;Firdar;76;9;Yariadethemar;Fisan;26
9;Yariadethemar;Fisan;26;0;Zasanten;Ansremarsan;85
9;Yariadethemar;Fisan;26;1;Nynes;Selrailnin;19
9;Yariadethemar;Fisan;26;2;Larailemar;Ahemarhal;51
9;Yariadethemar;Fisan;26;3;Zaevar;Afthusmahael;36
9;Yariadethemar;Fisan;26;4;Evriariaevar;Daequeran;82
9;Yariadethemar;Fisan;26;5;Mararaillian;Zaten;1
9;Yariadethemar;Fisan;26;6;Yamah;Anhaldre;5
9;Yariadethemar;Fisan;26;7;Daedre;Angean;19
9;Yariadethemar;Fisan;26;8;Gilriadrimsan;Firdar;76
9;Yariadethemar;Fisan;26;9;Yariadethemar;Fisan;26